{
    "page": 1,
    "records": 5,
    "rows": [
    {
    "createDate": "2017-12-20 10:10:06",
    "createUser": "hwj",
    "endTime": "2017-12-18T14:19:42",
    "executor": "22334455",
    "id": 62,
    "isWarn": 1,
    "num": 0,
    "organization": {
    "id": 1,
    "orgInternalCode": "1."
    },
    "patrolCode": "asd",
    "patrolName": "jiegege",
    "patrolSketch": "yyyyyy",
    "patrolType": 0,
    "period": "3",
    "startTime": "2017-12-18T14:19:42",
    "status": 0,
    "updateDate": "2017-12-20 10:10:06",
    "updateUser": "hwj"
    },
    {
    "auditIdea": "sadadd",
    "createDate": "2017-12-26 12:00:00",
    "createUser": "hwj",
    "endTime": "2018-01-04T00:01:00",
    "executor": "asd",
    "id": 46,
    "num": 5,
    "organization": {
    "id": 1,
    "orgInternalCode": "1."
    },
    "patrolCode": "sad",
    "patrolName": "asd",
    "startTime": "2017-12-04T12:00:00",
    "status": 4,
    "updateDate": "2017-12-10 00:01:00",
    "updateUser": "hwj"
    },
    {
    "auditIdea": "asdsda",
    "createDate": "2017-12-19 00:59:00",
    "createUser": "hwj",
    "endTime": "2018-01-09T12:00:00",
    "executor": "asdasd",
    "id": 45,
    "num": 4,
    "organization": {
    "id": 1,
    "orgInternalCode": "1."
    },
    "patrolCode": "dafsdf",
    "patrolName": "sdfsdfsf",
    "startTime": "2017-12-25T00:00:59",
    "status": 3,
    "updateDate": "2017-12-28 12:00:00",
    "updateUser": "hwj"
    },
    {
    "auditIdea": "asdasd",
    "createDate": "2017-12-29 12:00:00",
    "createUser": "hwj",
    "endTime": "2018-01-22T00:00:01",
    "executor": "adsasd",
    "id": 44,
    "num": 3,
    "organization": {
    "id": 1,
    "orgInternalCode": "1."
    },
    "patrolCode": "erasdwrwre",
    "patrolName": "werwerw",
    "startTime": "2017-12-12T00:00:01",
    "status": 2,
    "updateDate": "2017-12-14 00:00:59",
    "updateUser": "hwj"
    },
    {
    "auditIdea": "少时诵诗书",
    "createDate": "2017-12-11 14:07:24",
    "createUser": "hwj",
    "endTime": "2018-01-15T12:00:00",
    "executor": "2131231",
    "id": 43,
    "num": 3,
    "organization": {
    "id": 1,
    "orgInternalCode": "1."
    },
    "patrolCode": "qwww",
    "patrolName": "wwww",
    "startTime": "2017-12-11T14:07:24",
    "status": 0,
    "updateDate": "2017-12-21 14:35:49",
    "updateUser": "hwj"
    }
    ],
    "total": 1
}