{
	"mapPoint": [
			{
				"name": "争果",
				"inner": "起山且太"
			},
			{
				"name": "间高通",
				"inner": "局须儿工品"
			},
			{
				"name": "战低须由",
				"inner": "族情细次越"
			},
			{
				"name": "转计速在很",
				"inner": "品约现极物"
			},
			{
				"name": "处区深",
				"inner": "越地教律向名明效油"
			},
			{
				"name": "干这",
				"inner": "千没说及与很有"
			},
			{
				"name": "应放",
				"inner": "义美"
			},
			{
				"name": "代总本",
				"inner": "变候统东西器准许及学问报开府层质说无点传"
			},
			{
				"name": "员道",
				"inner": "向见地见低权看程"
			},
			{
				"name": "看联公日",
				"inner": "美何过支离总传及将圆消区向十交"
			},
			{
				"name": "商只红商",
				"inner": "机头众多行运米边满非却万物展民深"
			},
			{
				"name": "热她按情",
				"inner": "地米"
			},
			{
				"name": "更劳严到变",
				"inner": "市低合领率"
			},
			{
				"name": "位率于门府",
				"inner": "保系水造装成造身广可进料位步适铁儿物指"
			},
			{
				"name": "越力",
				"inner": "十常主技正后力表验飞题十价工"
			}
		],
	"application" : [
		{
			"name": "内带史图",
			"time": 8226464
		},
		{
			"name": "规成可式但",
			"time": 6559506
		},
		{
			"name": "七维从且",
			"time": 4975573
		},
		{
			"name": "化名线",
			"time": 8466241
		},
		{
			"name": "近问低以应",
			"time": 4169153
		},
		{
			"name": "同状元原空",
			"time": 9336047
		},
		{
			"name": "正总计和率",
			"time": 7523116
		},
		{
			"name": "及算准名",
			"time": 3743731
		},
		{
			"name": "属知出导",
			"time": 2236197
		},
		{
			"name": "值自第子",
			"time": 6622282
		},
		{
			"name": "原东改清",
			"time": 8426612
		},
		{
			"name": "起我列应",
			"time": 6872174
		},
		{
			"name": "从三一",
			"time": 5321427
		},
		{
			"name": "题自者约人",
			"time": 1136533
		},
		{
			"name": "温容器属",
			"time": 2545785
		},
		{
			"name": "队队影你",
			"time": 8966459
		},
		{
			"name": "白层包多",
			"time": 6642657
		},
		{
			"name": "际支今华",
			"time": 3410388
		},
		{
			"name": "何周院西",
			"time": 6961598
		},
		{
			"name": "具从基众",
			"time": 3425849
		}
	]
}