[
    {
        "cls": "folder",
        "departmentNo": "330102",
        "expanded": false,
        "id": 142096,
        "leaf": false,
        "level": 0,
        "orgInternalCode": "1.1.10.10.",
        "orgLevelInternalId": 30,
        "orgTypeInternalId": 0,
        "seq": 1,
        "text": "上城区"
    },
    {
        "cls": "folder",
        "departmentNo": "330103",
        "expanded": false,
        "id": 141378,
        "leaf": false,
        "level": 0,
        "orgInternalCode": "1.1.10.6.",
        "orgLevelInternalId": 30,
        "orgTypeInternalId": 0,
        "seq": 2,
        "text": "下城区"
    },
    {
        "cls": "folder",
        "departmentNo": "330104",
        "expanded": false,
        "id": 140041,
        "leaf": false,
        "level": 0,
        "orgInternalCode": "1.1.10.2.",
        "orgLevelInternalId": 30,
        "orgTypeInternalId": 0,
        "seq": 3,
        "text": "江干区"
    },
    {
        "cls": "folder",
        "departmentNo": "330105",
        "expanded": false,
        "id": 140814,
        "leaf": false,
        "level": 0,
        "orgInternalCode": "1.1.10.4.",
        "orgLevelInternalId": 30,
        "orgTypeInternalId": 0,
        "seq": 4,
        "text": "拱墅区"
    },
    {
        "cls": "folder",
        "departmentNo": "330106",
        "expanded": false,
        "id": 139855,
        "leaf": false,
        "level": 0,
        "orgInternalCode": "1.1.10.1.",
        "orgLevelInternalId": 30,
        "orgTypeInternalId": 0,
        "seq": 5,
        "text": "西湖区"
    },
    {
        "cls": "folder",
        "departmentNo": "330108",
        "expanded": false,
        "id": 142387,
        "leaf": false,
        "level": 0,
        "orgInternalCode": "1.1.10.13.",
        "orgLevelInternalId": 30,
        "orgTypeInternalId": 0,
        "seq": 6,
        "text": "滨江区"
    },
    {
        "cls": "folder",
        "departmentNo": "330109",
        "expanded": false,
        "id": 140208,
        "leaf": false,
        "level": 0,
        "orgInternalCode": "1.1.10.3.",
        "orgLevelInternalId": 30,
        "orgTypeInternalId": 0,
        "seq": 7,
        "text": "萧山区"
    },
    {
        "cls": "folder",
        "departmentNo": "330110",
        "expanded": false,
        "id": 147357,
        "leaf": false,
        "level": 0,
        "orgInternalCode": "1.1.10.15.",
        "orgLevelInternalId": 30,
        "orgTypeInternalId": 0,
        "seq": 8,
        "text": "余杭区"
    },
    {
        "cls": "folder",
        "departmentNo": "330122",
        "expanded": false,
        "id": 142157,
        "leaf": false,
        "level": 0,
        "orgInternalCode": "1.1.10.11.",
        "orgLevelInternalId": 30,
        "orgTypeInternalId": 0,
        "seq": 9,
        "text": "桐庐县"
    },
    {
        "cls": "folder",
        "departmentNo": "330127",
        "expanded": false,
        "id": 140917,
        "leaf": false,
        "level": 0,
        "orgInternalCode": "1.1.10.5.",
        "orgLevelInternalId": 30,
        "orgTypeInternalId": 0,
        "seq": 10,
        "text": "淳安县"
    },
    {
        "cls": "folder",
        "departmentNo": "330182",
        "expanded": false,
        "id": 141459,
        "leaf": false,
        "level": 0,
        "orgInternalCode": "1.1.10.7.",
        "orgLevelInternalId": 30,
        "orgTypeInternalId": 0,
        "seq": 11,
        "text": "建德市"
    },
    {
        "cls": "folder",
        "departmentNo": "330183",
        "expanded": false,
        "id": 142435,
        "leaf": false,
        "level": 0,
        "orgInternalCode": "1.1.10.14.",
        "orgLevelInternalId": 30,
        "orgTypeInternalId": 0,
        "seq": 12,
        "text": "富阳区"
    },
    {
        "cls": "folder",
        "departmentNo": "330185",
        "expanded": false,
        "id": 141765,
        "leaf": false,
        "level": 0,
        "orgInternalCode": "1.1.10.9.",
        "orgLevelInternalId": 30,
        "orgTypeInternalId": 0,
        "seq": 13,
        "text": "临安市"
    },
    {
        "cls": "folder",
        "departmentNo": "330107",
        "expanded": false,
        "id": 141738,
        "leaf": false,
        "level": 0,
        "orgInternalCode": "1.1.10.8.",
        "orgLevelInternalId": 30,
        "orgTypeInternalId": 0,
        "seq": 14,
        "text": "杭州经济技术开发区"
    },
    {
        "cls": "folder",
        "departmentNo": "330119",
        "expanded": false,
        "id": 142370,
        "leaf": false,
        "level": 0,
        "orgInternalCode": "1.1.10.12.",
        "orgLevelInternalId": 30,
        "orgTypeInternalId": 0,
        "seq": 15,
        "text": "杭州西湖风景名胜区"
    },
    {
        "cls": "folder",
        "departmentNo": "330111",
        "expanded": false,
        "id": 20171348,
        "leaf": false,
        "level": 0,
        "orgInternalCode": "1.1.10.37.",
        "orgLevelInternalId": 30,
        "orgTypeInternalId": 0,
        "seq": 16,
        "text": "杭州大江东产业集聚区"
    },
    {
        "cls": "file",
        "departmentNo": "3301AR",
        "expanded": false,
        "icon": "/resource/external/ext/treeImages/funLeaf.gif",
        "id": 175945,
        "leaf": true,
        "level": 0,
        "orgInternalCode": "1.1.10.20.",
        "orgLevelInternalId": 40,
        "orgTypeInternalId": 1,
        "seq": 17,
        "text": "杭州市教育局"
    },
    {
        "cls": "file",
        "departmentNo": "3301AH",
        "expanded": false,
        "icon": "/resource/external/ext/treeImages/funLeaf.gif",
        "id": 175944,
        "leaf": true,
        "level": 0,
        "orgInternalCode": "1.1.10.19.",
        "orgLevelInternalId": 40,
        "orgTypeInternalId": 1,
        "seq": 18,
        "text": "杭州市信访局"
    },
    {
        "cls": "file",
        "departmentNo": "3301AT",
        "expanded": false,
        "icon": "/resource/external/ext/treeImages/funLeaf.gif",
        "id": 175941,
        "leaf": true,
        "level": 0,
        "orgInternalCode": "1.1.10.16.",
        "orgLevelInternalId": 40,
        "orgTypeInternalId": 1,
        "seq": 19,
        "text": "杭州市公安局"
    },
    {
        "cls": "file",
        "departmentNo": "3301AV",
        "expanded": false,
        "icon": "/resource/external/ext/treeImages/funLeaf.gif",
        "id": 175946,
        "leaf": true,
        "level": 0,
        "orgInternalCode": "1.1.10.21.",
        "orgLevelInternalId": 40,
        "orgTypeInternalId": 1,
        "seq": 20,
        "text": "杭州市民政局"
    },
    {
        "cls": "file",
        "departmentNo": "3301AW",
        "expanded": false,
        "icon": "/resource/external/ext/treeImages/funLeaf.gif",
        "id": 175947,
        "leaf": true,
        "level": 0,
        "orgInternalCode": "1.1.10.22.",
        "orgLevelInternalId": 40,
        "orgTypeInternalId": 1,
        "seq": 21,
        "text": "杭州市司法局"
    },
    {
        "cls": "file",
        "departmentNo": "3301AY",
        "expanded": false,
        "icon": "/resource/external/ext/treeImages/funLeaf.gif",
        "id": 175948,
        "leaf": true,
        "level": 0,
        "orgInternalCode": "1.1.10.23.",
        "orgLevelInternalId": 40,
        "orgTypeInternalId": 1,
        "seq": 22,
        "text": "杭州市人力社保局"
    },
    {
        "cls": "file",
        "departmentNo": "3301BF",
        "expanded": false,
        "icon": "/resource/external/ext/treeImages/funLeaf.gif",
        "id": 175943,
        "leaf": true,
        "level": 0,
        "orgInternalCode": "1.1.10.18.",
        "orgLevelInternalId": 40,
        "orgTypeInternalId": 1,
        "seq": 23,
        "text": "杭州市卫生局"
    },
    {
        "cls": "file",
        "departmentNo": "3301BJ",
        "expanded": false,
        "icon": "/resource/external/ext/treeImages/funLeaf.gif",
        "id": 175942,
        "leaf": true,
        "level": 0,
        "orgInternalCode": "1.1.10.17.",
        "orgLevelInternalId": 40,
        "orgTypeInternalId": 1,
        "seq": 24,
        "text": "杭州市工商局"
    },
    {
        "cls": "file",
        "departmentNo": "3301BK",
        "expanded": false,
        "icon": "/resource/external/ext/treeImages/funLeaf.gif",
        "id": 175950,
        "leaf": true,
        "level": 0,
        "orgInternalCode": "1.1.10.25.",
        "orgLevelInternalId": 40,
        "orgTypeInternalId": 1,
        "seq": 25,
        "text": "杭州市质监局"
    },
    {
        "cls": "file",
        "departmentNo": "3301AQ",
        "expanded": false,
        "icon": "/resource/external/ext/treeImages/funLeaf.gif",
        "id": 175949,
        "leaf": true,
        "level": 0,
        "orgInternalCode": "1.1.10.24.",
        "orgLevelInternalId": 40,
        "orgTypeInternalId": 1,
        "seq": 26,
        "text": "杭州市安监局"
    },
    {
        "cls": "file",
        "departmentNo": "3301AL",
        "expanded": false,
        "icon": "/resource/external/ext/treeImages/funLeaf.gif",
        "id": 175951,
        "leaf": true,
        "level": 0,
        "orgInternalCode": "1.1.10.26.",
        "orgLevelInternalId": 40,
        "orgTypeInternalId": 1,
        "seq": 27,
        "text": "团市委"
    },
    {
        "cls": "file",
        "departmentNo": "33010AB",
        "expanded": false,
        "icon": "/resource/external/ext/treeImages/funLeaf.gif",
        "id": 20102942,
        "leaf": true,
        "level": 0,
        "orgInternalCode": "1.1.10.27.",
        "orgLevelInternalId": 40,
        "orgTypeInternalId": 1,
        "seq": 28,
        "text": "市政府办"
    },
    {
        "cls": "file",
        "departmentNo": "33010BP",
        "expanded": false,
        "icon": "/resource/external/ext/treeImages/funLeaf.gif",
        "id": 20102943,
        "leaf": true,
        "level": 0,
        "orgInternalCode": "1.1.10.28.",
        "orgLevelInternalId": 40,
        "orgTypeInternalId": 1,
        "seq": 29,
        "text": "市发改委"
    },
    {
        "cls": "file",
        "departmentNo": "33010DO",
        "expanded": false,
        "icon": "/resource/external/ext/treeImages/funLeaf.gif",
        "id": 20103332,
        "leaf": true,
        "level": 0,
        "orgInternalCode": "1.1.10.29.",
        "orgLevelInternalId": 40,
        "orgTypeInternalId": 1,
        "seq": 30,
        "text": "市建委"
    },
    {
        "cls": "file",
        "departmentNo": "33010AZ",
        "expanded": false,
        "icon": "/resource/external/ext/treeImages/funLeaf.gif",
        "id": 20102944,
        "leaf": true,
        "level": 0,
        "orgInternalCode": "1.1.10.30.",
        "orgLevelInternalId": 40,
        "orgTypeInternalId": 1,
        "seq": 31,
        "text": "市国土局"
    },
    {
        "cls": "file",
        "departmentNo": "33010DL",
        "expanded": false,
        "icon": "/resource/external/ext/treeImages/funLeaf.gif",
        "id": 20102945,
        "leaf": true,
        "level": 0,
        "orgInternalCode": "1.1.10.31.",
        "orgLevelInternalId": 40,
        "orgTypeInternalId": 1,
        "seq": 32,
        "text": "市房管局"
    },
    {
        "cls": "file",
        "departmentNo": "33010EN",
        "expanded": false,
        "icon": "/resource/external/ext/treeImages/funLeaf.gif",
        "id": 20102946,
        "leaf": true,
        "level": 0,
        "orgInternalCode": "1.1.10.32.",
        "orgLevelInternalId": 40,
        "orgTypeInternalId": 1,
        "seq": 33,
        "text": "钱江新城管委会"
    },
    {
        "cls": "file",
        "departmentNo": "33010IA",
        "expanded": false,
        "icon": "/resource/external/ext/treeImages/funLeaf.gif",
        "id": 20102947,
        "leaf": true,
        "level": 0,
        "orgInternalCode": "1.1.10.33.",
        "orgLevelInternalId": 40,
        "orgTypeInternalId": 1,
        "seq": 34,
        "text": "城投集团"
    },
    {
        "cls": "file",
        "departmentNo": "33010IB",
        "expanded": false,
        "icon": "/resource/external/ext/treeImages/funLeaf.gif",
        "id": 20102948,
        "leaf": true,
        "level": 0,
        "orgInternalCode": "1.1.10.34.",
        "orgLevelInternalId": 40,
        "orgTypeInternalId": 1,
        "seq": 35,
        "text": "杭实集团"
    },
    {
        "cls": "file",
        "departmentNo": "33010IC",
        "expanded": false,
        "icon": "/resource/external/ext/treeImages/funLeaf.gif",
        "id": 20102949,
        "leaf": true,
        "level": 0,
        "orgInternalCode": "1.1.10.35.",
        "orgLevelInternalId": 40,
        "orgTypeInternalId": 1,
        "seq": 36,
        "text": "交投集团"
    },
    {
        "cls": "file",
        "departmentNo": "33010ID",
        "expanded": false,
        "icon": "/resource/external/ext/treeImages/funLeaf.gif",
        "id": 20102950,
        "leaf": true,
        "level": 0,
        "orgInternalCode": "1.1.10.36.",
        "orgLevelInternalId": 40,
        "orgTypeInternalId": 1,
        "seq": 37,
        "text": "商旅集团"
    },
    {
        "cls": "file",
        "departmentNo": "3301LL",
        "expanded": false,
        "icon": "/resource/external/ext/treeImages/funLeaf.gif",
        "id": 20190767,
        "leaf": true,
        "level": 0,
        "orgInternalCode": "1.1.10.38.",
        "orgLevelInternalId": 40,
        "orgTypeInternalId": 1,
        "seq": 38,
        "text": "市经信委"
    },
    {
        "cls": "file",
        "departmentNo": "3301LW",
        "expanded": false,
        "icon": "/resource/external/ext/treeImages/funLeaf.gif",
        "id": 20190768,
        "leaf": true,
        "level": 0,
        "orgInternalCode": "1.1.10.39.",
        "orgLevelInternalId": 40,
        "orgTypeInternalId": 1,
        "seq": 39,
        "text": "市民族宗教局"
    },
    {
        "cls": "file",
        "departmentNo": "3301LF",
        "expanded": false,
        "icon": "/resource/external/ext/treeImages/funLeaf.gif",
        "id": 20190769,
        "leaf": true,
        "level": 0,
        "orgInternalCode": "1.1.10.40.",
        "orgLevelInternalId": 40,
        "orgTypeInternalId": 1,
        "seq": 40,
        "text": "市国家安全局"
    },
    {
        "cls": "file",
        "departmentNo": "3301LG",
        "expanded": false,
        "icon": "/resource/external/ext/treeImages/funLeaf.gif",
        "id": 20190770,
        "leaf": true,
        "level": 0,
        "orgInternalCode": "1.1.10.41.",
        "orgLevelInternalId": 40,
        "orgTypeInternalId": 1,
        "seq": 41,
        "text": "市环保局"
    },
    {
        "cls": "file",
        "departmentNo": "3301LV",
        "expanded": false,
        "icon": "/resource/external/ext/treeImages/funLeaf.gif",
        "id": 20190771,
        "leaf": true,
        "level": 0,
        "orgInternalCode": "1.1.10.42.",
        "orgLevelInternalId": 40,
        "orgTypeInternalId": 1,
        "seq": 42,
        "text": "市交通运输局"
    },
    {
        "cls": "file",
        "departmentNo": "3301VL",
        "expanded": false,
        "icon": "/resource/external/ext/treeImages/funLeaf.gif",
        "id": 20190772,
        "leaf": true,
        "level": 0,
        "orgInternalCode": "1.1.10.43.",
        "orgLevelInternalId": 40,
        "orgTypeInternalId": 1,
        "seq": 43,
        "text": "市林水局"
    },
    {
        "cls": "file",
        "departmentNo": "3301OP",
        "expanded": false,
        "icon": "/resource/external/ext/treeImages/funLeaf.gif",
        "id": 20190773,
        "leaf": true,
        "level": 0,
        "orgInternalCode": "1.1.10.44.",
        "orgLevelInternalId": 40,
        "orgTypeInternalId": 1,
        "seq": 44,
        "text": "市农业局"
    },
    {
        "cls": "file",
        "departmentNo": "3301WZ",
        "expanded": false,
        "icon": "/resource/external/ext/treeImages/funLeaf.gif",
        "id": 20190774,
        "leaf": true,
        "level": 0,
        "orgInternalCode": "1.1.10.45.",
        "orgLevelInternalId": 40,
        "orgTypeInternalId": 1,
        "seq": 45,
        "text": "市公安消防局"
    }
]