[
    {
        "cls": "folder",
        "departmentNo": "33",
        "expanded": false,
        "id": 2,
        "leaf": false,
        "level": 0,
        "orgInternalCode": "1.1.",
        "orgLevelInternalId": 50,
        "orgTypeInternalId": 0,
        "seq": 1,
        "text": "浙江省"
    },
    {
        "cls": "folder",
        "departmentNo": "52",
        "expanded": false,
        "id": 145015,
        "leaf": false,
        "level": 0,
        "orgInternalCode": "1.3.",
        "orgLevelInternalId": 50,
        "orgTypeInternalId": 0,
        "seq": 2,
        "text": "浙江省A测试"
    },
    {
        "cls": "folder",
        "departmentNo": "999",
        "expanded": false,
        "id": 20000000,
        "leaf": false,
        "level": 0,
        "orgInternalCode": "1.6.",
        "orgLevelInternalId": 50,
        "orgTypeInternalId": 0,
        "seq": 3,
        "text": "浙江省B测试"
    },
    {
        "cls": "folder",
        "departmentNo": "11",
        "expanded": false,
        "id": 20249738,
        "leaf": false,
        "level": 0,
        "orgInternalCode": "1.34.",
        "orgLevelInternalId": 50,
        "orgTypeInternalId": 0,
        "seq": 108,
        "text": "测试省"
    },
    {
        "cls": "folder",
        "departmentNo": "95",
        "expanded": false,
        "id": 20248937,
        "leaf": false,
        "level": 0,
        "orgInternalCode": "1.32.",
        "orgLevelInternalId": 50,
        "orgTypeInternalId": 0,
        "seq": 109,
        "text": "测试自动化省"
    },
    {
        "cls": "file",
        "departmentNo": "22",
        "expanded": false,
        "id": 20251340,
        "leaf": true,
        "level": 0,
        "orgInternalCode": "1.36.",
        "orgLevelInternalId": 50,
        "orgTypeInternalId": 0,
        "seq": 110,
        "text": "test2"
    },
    {
        "cls": "file",
        "departmentNo": "23",
        "expanded": false,
        "id": 20253737,
        "leaf": true,
        "level": 0,
        "orgInternalCode": "1.38.",
        "orgLevelInternalId": 50,
        "orgTypeInternalId": 0,
        "seq": 112,
        "text": "test3"
    },
    {
        "cls": "file",
        "departmentNo": "12",
        "expanded": false,
        "id": 20256137,
        "leaf": true,
        "level": 0,
        "orgInternalCode": "1.39.",
        "orgLevelInternalId": 50,
        "orgTypeInternalId": 0,
        "seq": 113,
        "text": "我过会儿删"
    }
]