[
    {
        "cls": "folder",
        "departmentNo": "3301",
        "expanded": false,
        "id": 139854,
        "leaf": false,
        "level": 0,
        "orgInternalCode": "1.1.10.",
        "orgLevelInternalId": 40,
        "orgTypeInternalId": 0,
        "seq": 1,
        "text": "杭州市"
    },
    {
        "cls": "folder",
        "departmentNo": "3302",
        "expanded": false,
        "id": 3,
        "leaf": false,
        "level": 0,
        "orgInternalCode": "1.1.1.",
        "orgLevelInternalId": 40,
        "orgTypeInternalId": 0,
        "seq": 2,
        "text": "宁波市"
    },
    {
        "cls": "folder",
        "departmentNo": "3303",
        "expanded": false,
        "id": 20000540,
        "leaf": false,
        "level": 0,
        "orgInternalCode": "1.1.14.",
        "orgLevelInternalId": 40,
        "orgTypeInternalId": 0,
        "seq": 3,
        "text": "温州市"
    },
    {
        "cls": "folder",
        "departmentNo": "3305",
        "expanded": false,
        "id": 18288,
        "leaf": false,
        "level": 0,
        "orgInternalCode": "1.1.2.",
        "orgLevelInternalId": 40,
        "orgTypeInternalId": 0,
        "seq": 4,
        "text": "湖州市"
    },
    {
        "cls": "folder",
        "departmentNo": "3304",
        "expanded": false,
        "id": 19156,
        "leaf": false,
        "level": 0,
        "orgInternalCode": "1.1.3.",
        "orgLevelInternalId": 40,
        "orgTypeInternalId": 0,
        "seq": 5,
        "text": "嘉兴市"
    },
    {
        "cls": "folder",
        "departmentNo": "3306",
        "expanded": false,
        "id": 42569,
        "leaf": false,
        "level": 0,
        "orgInternalCode": "1.1.9.",
        "orgLevelInternalId": 40,
        "orgTypeInternalId": 0,
        "seq": 6,
        "text": "绍兴市"
    },
    {
        "cls": "folder",
        "departmentNo": "3308",
        "expanded": false,
        "id": 23548,
        "leaf": false,
        "level": 0,
        "orgInternalCode": "1.1.5.",
        "orgLevelInternalId": 40,
        "orgTypeInternalId": 0,
        "seq": 7,
        "text": "衢州市"
    },
    {
        "cls": "folder",
        "departmentNo": "3307",
        "expanded": false,
        "id": 33501,
        "leaf": false,
        "level": 0,
        "orgInternalCode": "1.1.7.",
        "orgLevelInternalId": 40,
        "orgTypeInternalId": 0,
        "seq": 8,
        "text": "金华市"
    },
    {
        "cls": "folder",
        "departmentNo": "3309",
        "expanded": false,
        "id": 41142,
        "leaf": false,
        "level": 0,
        "orgInternalCode": "1.1.8.",
        "orgLevelInternalId": 40,
        "orgTypeInternalId": 0,
        "seq": 9,
        "text": "舟山市"
    },
    {
        "cls": "folder",
        "departmentNo": "3310",
        "expanded": false,
        "id": 25493,
        "leaf": false,
        "level": 0,
        "orgInternalCode": "1.1.6.",
        "orgLevelInternalId": 40,
        "orgTypeInternalId": 0,
        "seq": 10,
        "text": "台州市"
    },
    {
        "cls": "folder",
        "departmentNo": "3311",
        "expanded": false,
        "id": 20691,
        "leaf": false,
        "level": 0,
        "orgInternalCode": "1.1.4.",
        "orgLevelInternalId": 40,
        "orgTypeInternalId": 0,
        "seq": 11,
        "text": "丽水市"
    },
    {
        "cls": "file",
        "departmentNo": "33CQ",
        "expanded": false,
        "icon": "/resource/external/ext/treeImages/funLeaf.gif",
        "id": 216680,
        "leaf": true,
        "level": 0,
        "orgInternalCode": "1.1.12.",
        "orgLevelInternalId": 50,
        "orgTypeInternalId": 1,
        "seq": 13,
        "text": "浙江省联办"
    },
    {
        "cls": "file",
        "departmentNo": "33AL",
        "expanded": false,
        "icon": "/resource/external/ext/treeImages/funLeaf.gif",
        "id": 226317,
        "leaf": true,
        "level": 0,
        "orgInternalCode": "1.1.13.",
        "orgLevelInternalId": 50,
        "orgTypeInternalId": 1,
        "seq": 14,
        "text": "团省委"
    },
    {
        "cls": "file",
        "departmentNo": "33BX",
        "expanded": false,
        "icon": "/resource/external/ext/treeImages/funLeaf.gif",
        "id": 20022620,
        "leaf": true,
        "level": 0,
        "orgInternalCode": "1.1.19.",
        "orgLevelInternalId": 50,
        "orgTypeInternalId": 1,
        "seq": 15,
        "text": "省公安厅"
    },
    {
        "cls": "file",
        "departmentNo": "33EY",
        "expanded": false,
        "icon": "/resource/external/ext/treeImages/funLeaf.gif",
        "id": 20022616,
        "leaf": true,
        "level": 0,
        "orgInternalCode": "1.1.15.",
        "orgLevelInternalId": 50,
        "orgTypeInternalId": 1,
        "seq": 16,
        "text": "省信息中心"
    },
    {
        "cls": "file",
        "departmentNo": "33BY",
        "expanded": false,
        "icon": "/resource/external/ext/treeImages/funLeaf.gif",
        "id": 20022621,
        "leaf": true,
        "level": 0,
        "orgInternalCode": "1.1.20.",
        "orgLevelInternalId": 50,
        "orgTypeInternalId": 1,
        "seq": 17,
        "text": "省禁毒总队"
    },
    {
        "cls": "file",
        "departmentNo": "33BZ",
        "expanded": false,
        "icon": "/resource/external/ext/treeImages/funLeaf.gif",
        "id": 20022668,
        "leaf": true,
        "level": 0,
        "orgInternalCode": "1.1.29.",
        "orgLevelInternalId": 50,
        "orgTypeInternalId": 1,
        "seq": 18,
        "text": "省食品药品监管局"
    },
    {
        "cls": "file",
        "departmentNo": "33BQ",
        "expanded": false,
        "icon": "/resource/external/ext/treeImages/funLeaf.gif",
        "id": 20022645,
        "leaf": true,
        "level": 0,
        "orgInternalCode": "1.1.33.",
        "orgLevelInternalId": 50,
        "orgTypeInternalId": 1,
        "seq": 19,
        "text": "省消防总队"
    },
    {
        "cls": "file",
        "departmentNo": "33DC",
        "expanded": false,
        "icon": "/resource/external/ext/treeImages/funLeaf.gif",
        "id": 20022671,
        "leaf": true,
        "level": 0,
        "orgInternalCode": "1.1.34.",
        "orgLevelInternalId": 50,
        "orgTypeInternalId": 1,
        "seq": 20,
        "text": "省护路办"
    },
    {
        "cls": "file",
        "departmentNo": "33AH",
        "expanded": false,
        "icon": "/resource/external/ext/treeImages/funLeaf.gif",
        "id": 20022617,
        "leaf": true,
        "level": 0,
        "orgInternalCode": "1.1.16.",
        "orgLevelInternalId": 50,
        "orgTypeInternalId": 1,
        "seq": 21,
        "text": "省信访局"
    },
    {
        "cls": "file",
        "departmentNo": "33BK",
        "expanded": false,
        "icon": "/resource/external/ext/treeImages/funLeaf.gif",
        "id": 20022669,
        "leaf": true,
        "level": 0,
        "orgInternalCode": "1.1.31.",
        "orgLevelInternalId": 50,
        "orgTypeInternalId": 1,
        "seq": 22,
        "text": "省质监局"
    },
    {
        "cls": "file",
        "departmentNo": "33AN",
        "expanded": false,
        "icon": "/resource/external/ext/treeImages/funLeaf.gif",
        "id": 20078132,
        "leaf": true,
        "level": 0,
        "orgInternalCode": "1.1.35.",
        "orgLevelInternalId": 50,
        "orgTypeInternalId": 1,
        "seq": 23,
        "text": "省高院"
    },
    {
        "cls": "file",
        "departmentNo": "33DN",
        "expanded": false,
        "icon": "/resource/external/ext/treeImages/funLeaf.gif",
        "id": 20022618,
        "leaf": true,
        "level": 0,
        "orgInternalCode": "1.1.17.",
        "orgLevelInternalId": 50,
        "orgTypeInternalId": 1,
        "seq": 24,
        "text": "省经信委"
    },
    {
        "cls": "file",
        "departmentNo": "33AQ",
        "expanded": false,
        "icon": "/resource/external/ext/treeImages/funLeaf.gif",
        "id": 20022670,
        "leaf": true,
        "level": 0,
        "orgInternalCode": "1.1.32.",
        "orgLevelInternalId": 50,
        "orgTypeInternalId": 1,
        "seq": 25,
        "text": "省安监局"
    },
    {
        "cls": "file",
        "departmentNo": "33BJ",
        "expanded": false,
        "icon": "/resource/external/ext/treeImages/funLeaf.gif",
        "id": 20022644,
        "leaf": true,
        "level": 0,
        "orgInternalCode": "1.1.30.",
        "orgLevelInternalId": 50,
        "orgTypeInternalId": 1,
        "seq": 26,
        "text": "省工商局"
    },
    {
        "cls": "file",
        "departmentNo": "33BF",
        "expanded": false,
        "icon": "/resource/external/ext/treeImages/funLeaf.gif",
        "id": 20022667,
        "leaf": true,
        "level": 0,
        "orgInternalCode": "1.1.28.",
        "orgLevelInternalId": 50,
        "orgTypeInternalId": 1,
        "seq": 27,
        "text": "省卫生厅"
    },
    {
        "cls": "file",
        "departmentNo": "33BB",
        "expanded": false,
        "icon": "/resource/external/ext/treeImages/funLeaf.gif",
        "id": 20022666,
        "leaf": true,
        "level": 0,
        "orgInternalCode": "1.1.27.",
        "orgLevelInternalId": 50,
        "orgTypeInternalId": 1,
        "seq": 28,
        "text": "省交通厅"
    },
    {
        "cls": "file",
        "departmentNo": "33BA",
        "expanded": false,
        "icon": "/resource/external/ext/treeImages/funLeaf.gif",
        "id": 20022665,
        "leaf": true,
        "level": 0,
        "orgInternalCode": "1.1.26.",
        "orgLevelInternalId": 50,
        "orgTypeInternalId": 1,
        "seq": 29,
        "text": "省建设厅"
    },
    {
        "cls": "file",
        "departmentNo": "33CE",
        "expanded": false,
        "icon": "/resource/external/ext/treeImages/funLeaf.gif",
        "id": 20022664,
        "leaf": true,
        "level": 0,
        "orgInternalCode": "1.1.25.",
        "orgLevelInternalId": 50,
        "orgTypeInternalId": 1,
        "seq": 30,
        "text": "省环保厅"
    },
    {
        "cls": "file",
        "departmentNo": "33AY",
        "expanded": false,
        "icon": "/resource/external/ext/treeImages/funLeaf.gif",
        "id": 20022663,
        "leaf": true,
        "level": 0,
        "orgInternalCode": "1.1.24.",
        "orgLevelInternalId": 50,
        "orgTypeInternalId": 1,
        "seq": 31,
        "text": "省人力社保厅"
    },
    {
        "cls": "file",
        "departmentNo": "33AW",
        "expanded": false,
        "icon": "/resource/external/ext/treeImages/funLeaf.gif",
        "id": 20022662,
        "leaf": true,
        "level": 0,
        "orgInternalCode": "1.1.23.",
        "orgLevelInternalId": 50,
        "orgTypeInternalId": 1,
        "seq": 32,
        "text": "省司法厅"
    },
    {
        "cls": "file",
        "departmentNo": "33HV",
        "expanded": false,
        "icon": "/resource/external/ext/treeImages/funLeaf.gif",
        "id": 20022642,
        "leaf": true,
        "level": 0,
        "orgInternalCode": "1.1.21.",
        "orgLevelInternalId": 50,
        "orgTypeInternalId": 1,
        "seq": 33,
        "text": "省公安厅人口服务管理总队"
    },
    {
        "cls": "file",
        "departmentNo": "33AV",
        "expanded": false,
        "icon": "/resource/external/ext/treeImages/funLeaf.gif",
        "id": 20022643,
        "leaf": true,
        "level": 0,
        "orgInternalCode": "1.1.22.",
        "orgLevelInternalId": 50,
        "orgTypeInternalId": 1,
        "seq": 34,
        "text": "省民政厅"
    },
    {
        "cls": "file",
        "departmentNo": "33AR",
        "expanded": false,
        "icon": "/resource/external/ext/treeImages/funLeaf.gif",
        "id": 20022619,
        "leaf": true,
        "level": 0,
        "orgInternalCode": "1.1.18.",
        "orgLevelInternalId": 50,
        "orgTypeInternalId": 1,
        "seq": 35,
        "text": "省教育厅"
    },
    {
        "cls": "file",
        "departmentNo": "33BL",
        "expanded": false,
        "icon": "/resource/external/ext/treeImages/funLeaf.gif",
        "id": 20077556,
        "leaf": true,
        "level": 0,
        "orgInternalCode": "1.1.36.",
        "orgLevelInternalId": 50,
        "orgTypeInternalId": 1,
        "seq": 36,
        "text": "省法制办"
    },
    {
        "cls": "file",
        "departmentNo": "33DP",
        "expanded": false,
        "icon": "/resource/external/ext/treeImages/funLeaf.gif",
        "id": 20078133,
        "leaf": true,
        "level": 0,
        "orgInternalCode": "1.1.37.",
        "orgLevelInternalId": 50,
        "orgTypeInternalId": 1,
        "seq": 37,
        "text": "省国资委"
    },
    {
        "cls": "file",
        "departmentNo": "33BD",
        "expanded": false,
        "icon": "/resource/external/ext/treeImages/funLeaf.gif",
        "id": 20078134,
        "leaf": true,
        "level": 0,
        "orgInternalCode": "1.1.38.",
        "orgLevelInternalId": 50,
        "orgTypeInternalId": 1,
        "seq": 38,
        "text": "省林业厅"
    },
    {
        "cls": "file",
        "departmentNo": "33BC",
        "expanded": false,
        "icon": "/resource/external/ext/treeImages/funLeaf.gif",
        "id": 20078135,
        "leaf": true,
        "level": 0,
        "orgInternalCode": "1.1.39.",
        "orgLevelInternalId": 50,
        "orgTypeInternalId": 1,
        "seq": 39,
        "text": "省农业厅"
    },
    {
        "cls": "file",
        "departmentNo": "33CG",
        "expanded": false,
        "icon": "/resource/external/ext/treeImages/funLeaf.gif",
        "id": 20078136,
        "leaf": true,
        "level": 0,
        "orgInternalCode": "1.1.40.",
        "orgLevelInternalId": 50,
        "orgTypeInternalId": 1,
        "seq": 40,
        "text": "省水利厅"
    },
    {
        "cls": "file",
        "departmentNo": "33AZ",
        "expanded": false,
        "icon": "/resource/external/ext/treeImages/funLeaf.gif",
        "id": 20078137,
        "leaf": true,
        "level": 0,
        "orgInternalCode": "1.1.41.",
        "orgLevelInternalId": 50,
        "orgTypeInternalId": 1,
        "seq": 41,
        "text": "省国土资源厅"
    },
    {
        "cls": "file",
        "departmentNo": "33AX",
        "expanded": false,
        "icon": "/resource/external/ext/treeImages/funLeaf.gif",
        "id": 20078138,
        "leaf": true,
        "level": 0,
        "orgInternalCode": "1.1.42.",
        "orgLevelInternalId": 50,
        "orgTypeInternalId": 1,
        "seq": 42,
        "text": "省财政厅"
    },
    {
        "cls": "file",
        "departmentNo": "33HY",
        "expanded": false,
        "icon": "/resource/external/ext/treeImages/funLeaf.gif",
        "id": 20078139,
        "leaf": true,
        "level": 0,
        "orgInternalCode": "1.1.43.",
        "orgLevelInternalId": 50,
        "orgTypeInternalId": 1,
        "seq": 43,
        "text": "省发改委"
    },
    {
        "cls": "file",
        "departmentNo": "33HZ",
        "expanded": false,
        "icon": "/resource/external/ext/treeImages/funLeaf.gif",
        "id": 20078140,
        "leaf": true,
        "level": 0,
        "orgInternalCode": "1.1.44.",
        "orgLevelInternalId": 50,
        "orgTypeInternalId": 1,
        "seq": 44,
        "text": "省检察院"
    },
    {
        "cls": "file",
        "departmentNo": "33AA",
        "expanded": false,
        "icon": "/resource/external/ext/treeImages/funLeaf.gif",
        "id": 20188152,
        "leaf": true,
        "level": 0,
        "orgInternalCode": "1.1.45.",
        "orgLevelInternalId": 50,
        "orgTypeInternalId": 1,
        "seq": 45,
        "text": "省民宗委"
    },
    {
        "cls": "file",
        "departmentNo": "33DL",
        "expanded": false,
        "icon": "/resource/external/ext/treeImages/funLeaf.gif",
        "id": 20234534,
        "leaf": true,
        "level": 0,
        "orgInternalCode": "1.1.48.",
        "orgLevelInternalId": 50,
        "orgTypeInternalId": 1,
        "seq": 45,
        "text": "省电力公司"
    },
    {
        "cls": "file",
        "departmentNo": "33AB",
        "expanded": false,
        "icon": "/resource/external/ext/treeImages/funLeaf.gif",
        "id": 20188153,
        "leaf": true,
        "level": 0,
        "orgInternalCode": "1.1.46.",
        "orgLevelInternalId": 50,
        "orgTypeInternalId": 1,
        "seq": 46,
        "text": "省海洋与渔业局"
    },
    {
        "cls": "file",
        "departmentNo": "33AK",
        "expanded": false,
        "icon": "/resource/external/ext/treeImages/funLeaf.gif",
        "id": 20193815,
        "leaf": true,
        "level": 0,
        "orgInternalCode": "1.1.47.",
        "orgLevelInternalId": 50,
        "orgTypeInternalId": 1,
        "seq": 47,
        "text": "电子政务处"
    }
]