{"page":1,"records":113,"rows":[{"activationMobile":false,"admin":true,"changePassword":false,"connectVpdn":false,"createDate":"2017-12-15T10:16:23","createUser":"shenmin","credits1":0,"credits2":0,"evaluateIssuePermission":false,"failureTimes":0,"fireControlLogin":false,"fullPinyin":"wang","gridManager":0,"hainingLogin":false,"hasNewMessage":false,"hzpajcApp":false,"id":20352342,"ignoreIsAdminOrNot":0,"ignoreIsShutDownOrNot":0,"ignoreMobileusable":0,"ignorePcusable":0,"isFristWorkBench":true,"isLock":false,"lastLoginIp":"192.168.100.1","lastLoginTime":"2017-12-15T10:27:45","menuTree":{"id":1},"messageSender":false,"mobile":"11111111111","mobileusable":false,"multiZone":[],"name":"wang","orgInternalCode":"1.","orgLevel":[{"contactWay":"111111111","createDate":"2011-09-28T07:50:58","createUser":"admin","departmentNo":"01","fullPinyin":"zhongguo","id":1,"isDeleted":0,"maxCode":39,"orgInternalCode":"1.","orgLevel":{"id":109,"propertyDomain":{}},"orgName":"中国","orgType":{"id":110,"propertyDomain":{}},"seq":1,"simplePinyin":"zg","subCount":13,"subCountFun":0,"updateDate":"2017-03-02T16:20:18","updateUser":"wk"}],"organization":{"contactWay":"111111111","createDate":"2011-09-28T07:50:58","createUser":"admin","departmentNo":"01","fullPinyin":"zhongguo","id":1,"isDeleted":0,"maxCode":39,"orgInternalCode":"1.","orgLevel":{"id":109},"orgName":"中国","orgType":{"id":110},"seq":1,"simplePinyin":"zg","subCount":13,"subCountFun":0,"updateDate":"2017-03-02T16:20:18","updateUser":"wk"},"organizationId":1,"password":"e99a18c428cb38d5f260853678922e03","pcusable":true,"previousLoginTime":"2017-12-15T10:25:25","roles":[],"shutDown":false,"simplePinyin":"wang","syncCms":false,"taskCenterPermission":false,"userName":"wang","vpdnConnectState":"","weChatPermission":false,"workPhone":"11111111"},{"activationMobile":false,"admin":true,"changePassword":false,"connectVpdn":false,"createDate":"2017-11-20T16:11:25","createUser":"wk","credits1":0,"credits2":0,"evaluateIssuePermission":false,"failureTimes":0,"fireControlLogin":false,"fullPinyin":"lizeping","gridManager":0,"hainingLogin":false,"hasNewMessage":false,"hzpajcApp":false,"id":20350342,"ignoreIsAdminOrNot":0,"ignoreIsShutDownOrNot":0,"ignoreMobileusable":0,"ignorePcusable":0,"isFristWorkBench":true,"isLock":false,"lastLoginIp":"127.0.0.1","lastLoginTime":"2017-11-24T09:07:20","menuTree":{"id":1},"messageSender":false,"mobile":"17557280051","mobileusable":false,"multiZone":[],"name":"黎泽平","orgInternalCode":"1.","orgLevel":[{"contactWay":"111111111","createDate":"2011-09-28T07:50:58","createUser":"admin","departmentNo":"01","fullPinyin":"zhongguo","id":1,"isDeleted":0,"maxCode":39,"orgInternalCode":"1.","orgLevel":{"id":109,"propertyDomain":{}},"orgName":"中国","orgType":{"id":110,"propertyDomain":{}},"seq":1,"simplePinyin":"zg","subCount":13,"subCountFun":0,"updateDate":"2017-03-02T16:20:18","updateUser":"wk"}],"organization":{"contactWay":"111111111","createDate":"2011-09-28T07:50:58","createUser":"admin","departmentNo":"01","fullPinyin":"zhongguo","id":1,"isDeleted":0,"maxCode":39,"orgInternalCode":"1.","orgLevel":{"id":109},"orgName":"中国","orgType":{"id":110},"seq":1,"simplePinyin":"zg","subCount":13,"subCountFun":0,"updateDate":"2017-03-02T16:20:18","updateUser":"wk"},"organizationId":1,"password":"c2a7c45bf757d60c3fdefa202fe6b7ba","pcusable":true,"previousLoginTime":"2017-11-23T17:42:30","roles":[{"createDate":"2012-05-17T09:21:50","createUser":"admin","description":"中国级管理员角色，专为朱主任设置","id":361,"menuTree":{"id":1},"roleName":"全国管理员","updateDate":"2016-10-13T17:21:26","updateUser":"wk","useInLevel":{"id":109,"propertyDomain":{}},"useInLevelIds":[],"useInLevels":[],"workBenchType":{"id":10000260,"propertyDomain":{}}},{"createDate":"2014-11-06T19:39:51","createUser":"wh007","id":20028302,"menuTree":{"id":1},"roleName":"测试区岗位","updateDate":"2016-01-28T20:38:19","updateUser":"cs002","useInLevel":{"id":106,"propertyDomain":{}},"useInLevelIds":[],"useInLevels":[],"workBenchType":{"id":10000260,"propertyDomain":{}}},{"createDate":"2015-07-16T11:31:05","createUser":"wh001","id":20050303,"menuTree":{"id":1},"roleName":"账号编写","updateDate":"2016-01-20T17:34:43","updateUser":"wh002","useInLevel":{"id":109,"propertyDomain":{}},"useInLevelIds":[],"useInLevels":[],"workBenchType":{"id":10000260,"propertyDomain":{}}},{"createDate":"2015-09-01T20:11:51","createUser":"wh002","id":20053903,"menuTree":{"id":1},"roleName":"巡检测试岗位","updateDate":"2015-11-26T22:22:44","updateUser":"wh007","useInLevel":{"id":106,"propertyDomain":{}},"useInLevelIds":[],"useInLevels":[],"workBenchType":{"id":10000259,"propertyDomain":{}}},{"createDate":"2015-11-14T11:02:42","createUser":"wh011","id":20061112,"menuTree":{"id":1},"roleName":"一键阅读","updateDate":"2015-11-14T17:19:48","updateUser":"wh012","useInLevelIds":[],"useInLevels":[],"workBenchType":{"id":10000259,"propertyDomain":{}}},{"createDate":"2015-12-29T18:43:19","createUser":"wh006","id":20067503,"menuTree":{"id":1},"roleName":"通讯录","updateDate":"2015-12-29T18:43:19","updateUser":"wh006","useInLevelIds":[],"useInLevels":[],"workBenchType":{"id":10000258,"propertyDomain":{}}},{"createDate":"2016-01-19T16:15:21","createUser":"wh002","description":"所有模块查询查看","id":20069103,"menuTree":{"id":1},"roleName":"全国查看权限","updateDate":"2016-02-16T11:09:48","updateUser":"wh003","useInLevelIds":[],"useInLevels":[],"workBenchType":{"id":10000258,"propertyDomain":{}}},{"createDate":"2016-01-20T16:14:02","createUser":"wh002","description":"天阙内部系统使用角色，拥有除超级管理员外的全部功能","id":20069503,"menuTree":{"id":1},"roleName":"天阙管理员","updateDate":"2016-03-28T03:37:54","updateUser":"cs002","useInLevelIds":[],"useInLevels":[],"workBenchType":{"id":10000258,"propertyDomain":{}}},{"createDate":"2016-01-28T20:11:50","createUser":"cs001","description":"测试职位","id":20071103,"menuTree":{"id":1},"roleName":"test","updateDate":"2016-03-28T03:38:02","updateUser":"cs001","useInLevelIds":[],"useInLevels":[],"workBenchType":{"id":10000258,"propertyDomain":{}}},{"createDate":"2016-01-28T20:12:58","createUser":"cs001","id":20071104,"menuTree":{"id":1},"roleName":"testtest","updateDate":"2016-03-05T11:01:22","updateUser":"cp006","useInLevelIds":[],"useInLevels":[],"workBenchType":{"id":10000258,"propertyDomain":{}}},{"createDate":"2016-03-18T16:40:29","createUser":"wh012","id":20073103,"menuTree":{"id":1},"roleName":"微信红包","updateDate":"2016-03-18T16:40:29","updateUser":"wh012","useInLevelIds":[],"useInLevels":[],"workBenchType":{"id":10000258,"propertyDomain":{}}},{"createDate":"2016-04-07T04:04:53","createUser":"kf001","id":20073903,"menuTree":{"id":1},"roleName":"演示1","updateDate":"2016-04-07T04:07:46","updateUser":"kf001","useInLevelIds":[],"useInLevels":[],"workBenchType":{"id":10000258,"propertyDomain":{}}},{"createDate":"2016-04-07T04:05:07","createUser":"kf001","id":20073904,"menuTree":{"id":1},"roleName":"演示","updateDate":"2016-04-07T04:44:24","updateUser":"kf001","useInLevelIds":[],"useInLevels":[],"workBenchType":{"id":10000258,"propertyDomain":{}}},{"createDate":"2016-04-08T06:13:39","createUser":"kf003","id":20074304,"menuTree":{"id":1},"roleName":"单点测试","updateDate":"2016-04-08T07:01:12","updateUser":"kf003","useInLevelIds":[],"useInLevels":[],"workBenchType":{"id":10000258,"propertyDomain":{}}},{"createDate":"2016-04-15T09:50:12","createUser":"yiyouming","description":"得分","id":20075106,"menuTree":{"id":1},"roleName":"对毛线","updateDate":"2016-04-15T09:50:12","updateUser":"yiyouming","useInLevelIds":[],"useInLevels":[],"workBenchType":{"id":10000258,"propertyDomain":{}}},{"createDate":"2016-04-25T01:03:28","createUser":"cs001","description":"1111","id":20075503,"menuTree":{"id":1},"roleName":"111","updateDate":"2016-04-28T02:19:29","updateUser":"cs001","useInLevelIds":[],"useInLevels":[],"workBenchType":{"id":10000260,"propertyDomain":{}}},{"createDate":"2016-04-26T02:18:39","createUser":"kf005","id":20075903,"menuTree":{"id":1},"roleName":"222","updateDate":"2016-04-26T02:18:39","updateUser":"kf005","useInLevelIds":[],"useInLevels":[],"workBenchType":{"id":10000258,"propertyDomain":{}}},{"createDate":"2016-04-26T02:22:33","createUser":"kf001","id":20075904,"menuTree":{"id":1},"roleName":"不知道怎么说","updateDate":"2016-04-26T02:22:44","updateUser":"kf001","useInLevelIds":[],"useInLevels":[],"workBenchType":{"id":10000258,"propertyDomain":{}}},{"createDate":"2016-04-26T02:24:53","createUser":"kf001","id":20075905,"menuTree":{"id":1},"roleName":"演示","updateDate":"2016-04-26T02:24:53","updateUser":"kf001","useInLevelIds":[],"useInLevels":[],"workBenchType":{"id":10000258,"propertyDomain":{}}},{"createDate":"2016-04-26T02:25:04","createUser":"kf001","description":"1223","id":20075906,"menuTree":{"id":1},"roleName":"演示","updateDate":"2016-04-26T02:25:04","updateUser":"kf001","useInLevelIds":[],"useInLevels":[],"workBenchType":{"id":10000258,"propertyDomain":{}}},{"createDate":"2016-05-04T09:17:20","createUser":"kf001","id":20076303,"menuTree":{"id":1},"roleName":"test","updateDate":"2016-05-04T09:21:45","updateUser":"kf001","useInLevelIds":[],"useInLevels":[],"workBenchType":{"id":10000258,"propertyDomain":{}}},{"createDate":"2016-05-05T04:00:01","createUser":"kaifatest","id":20076304,"menuTree":{"id":1},"roleName":"testgangwei","updateDate":"2016-05-05T07:38:56","updateUser":"kaifatest","useInLevelIds":[],"useInLevels":[],"workBenchType":{"id":10000258,"propertyDomain":{}}},{"createDate":"2016-07-05T08:04:53","createUser":"yiyouming","description":"凤飞飞","id":20077103,"menuTree":{"id":1},"roleName":"测试事件修改权限","updateDate":"2016-07-05T08:09:09","updateUser":"yiyouming","useInLevelIds":[],"useInLevels":[],"workBenchType":{"id":10000258,"propertyDomain":{}}},{"createDate":"2016-07-13T03:58:38","createUser":"kf003","id":20077503,"menuTree":{"id":1},"roleName":"session测试hc","updateDate":"2016-07-13T03:58:38","updateUser":"kf003","useInLevelIds":[],"useInLevels":[],"workBenchType":{"id":10000260,"propertyDomain":{}}},{"createDate":"2016-10-13T16:28:28","createUser":"wk","id":20077903,"menuTree":{"id":1},"roleName":"csyh","updateDate":"2016-10-13T16:28:28","updateUser":"wk","useInLevelIds":[],"useInLevels":[],"workBenchType":{"id":10000258,"propertyDomain":{}}},{"createDate":"2017-03-28T04:08:28","createUser":"shenmin","id":20078304,"menuTree":{"id":1},"roleName":"测试组专用","updateDate":"2017-11-08T06:49:53","updateUser":"cs002","useInLevelIds":[],"useInLevels":[],"workBenchType":{"id":10000259,"propertyDomain":{}}},{"createDate":"2017-05-03T04:57:57","createUser":"shenmin","id":20078703,"menuTree":{"id":1},"roleName":"社会心理服务","updateDate":"2017-05-03T05:03:43","updateUser":"shenmin","useInLevelIds":[],"useInLevels":[],"workBenchType":{"id":10000259,"propertyDomain":{}}},{"createDate":"2017-05-18T04:34:06","createUser":"tengjia","id":20079103,"menuTree":{"id":1},"roleName":"测试呼叫中心","updateDate":"2017-05-18T04:34:06","updateUser":"tengjia","useInLevelIds":[],"useInLevels":[],"workBenchType":{"id":10000258,"propertyDomain":{}}},{"createDate":"2017-06-08T01:24:10","createUser":"tengjia","id":20079503,"menuTree":{"id":1},"roleName":"qyl112233","updateDate":"2017-06-08T01:24:10","updateUser":"tengjia","useInLevelIds":[],"useInLevels":[],"workBenchType":{"id":10000258,"propertyDomain":{}}}],"shutDown":false,"simplePinyin":"lzp","syncCms":true,"taskCenterPermission":false,"userName":"lizp","vpdnConnectState":"","weChatPermission":false,"workPhone":"17557280051"},{"activationMobile":false,"admin":false,"changePassword":false,"connectVpdn":false,"createDate":"2017-11-07T18:11:35","createUser":"wantian@qzsg","credits1":0,"credits2":0,"evaluateIssuePermission":false,"failureTimes":0,"fireControlLogin":false,"fullPinyin":"wangji","gridManager":0,"hainingLogin":false,"hasNewMessage":false,"hzpajcApp":false,"id":20348742,"ignoreIsAdminOrNot":0,"ignoreIsShutDownOrNot":0,"ignoreMobileusable":0,"ignorePcusable":0,"isFristWorkBench":true,"isLock":false,"lastLoginIp":"172.27.122.230","lastLoginTime":"2017-12-12T16:05:49","menuTree":{"id":1},"messageSender":false,"mobile":"13735426172","mobileusable":false,"multiZone":[],"name":"王计","orgInternalCode":"1.","orgLevel":[{"contactWay":"111111111","createDate":"2011-09-28T07:50:58","createUser":"admin","departmentNo":"01","fullPinyin":"zhongguo","id":1,"isDeleted":0,"maxCode":39,"orgInternalCode":"1.","orgLevel":{"id":109,"propertyDomain":{}},"orgName":"中国","orgType":{"id":110,"propertyDomain":{}},"seq":1,"simplePinyin":"zg","subCount":13,"subCountFun":0,"updateDate":"2017-03-02T16:20:18","updateUser":"wk"}],"organization":{"contactWay":"111111111","createDate":"2011-09-28T07:50:58","createUser":"admin","departmentNo":"01","fullPinyin":"zhongguo","id":1,"isDeleted":0,"maxCode":39,"orgInternalCode":"1.","orgLevel":{"id":109},"orgName":"中国","orgType":{"id":110},"seq":1,"simplePinyin":"zg","subCount":13,"subCountFun":0,"updateDate":"2017-03-02T16:20:18","updateUser":"wk"},"organizationId":1,"password":"dc483e80a7a0bd9ef71d8cf973673924","pcusable":true,"previousLoginIp":"172.27.122.231","previousLoginTime":"2017-11-30T17:04:54","roles":[{"createDate":"2012-05-17T09:21:50","createUser":"admin","description":"中国级管理员角色，专为朱主任设置","id":361,"menuTree":{"id":1},"roleName":"全国管理员","updateDate":"2016-10-13T17:21:26","updateUser":"wk","useInLevel":{"id":109,"propertyDomain":{}},"useInLevelIds":[],"useInLevels":[],"workBenchType":{"id":10000260,"propertyDomain":{}}}],"shutDown":false,"simplePinyin":"wj","syncCms":false,"taskCenterPermission":false,"userName":"wangji","vpdnConnectState":"","weChatPermission":false,"workPhone":"88888888"},{"activationMobile":false,"admin":true,"changePassword":false,"connectVpdn":false,"createDate":"2017-11-07T14:11:23","createUser":"shenmin","credits1":0,"credits2":0,"evaluateIssuePermission":false,"failureTimes":0,"fireControlLogin":true,"fullPinyin":"sunh","gridManager":1,"hainingLogin":true,"hasNewMessage":false,"hzpajcApp":false,"id":20348342,"ignoreIsAdminOrNot":0,"ignoreIsShutDownOrNot":0,"ignoreMobileusable":0,"ignorePcusable":0,"isFristWorkBench":true,"isLock":false,"lastLoginIp":"172.27.41.20","lastLoginTime":"2017-11-08T19:27:58","menuTree":{"id":1},"messageSender":false,"mobile":"13132324343","mobileusable":false,"multiZone":[],"name":"sunh","orgInternalCode":"1.","orgLevel":[{"contactWay":"111111111","createDate":"2011-09-28T07:50:58","createUser":"admin","departmentNo":"01","fullPinyin":"zhongguo","id":1,"isDeleted":0,"maxCode":39,"orgInternalCode":"1.","orgLevel":{"id":109,"propertyDomain":{}},"orgName":"中国","orgType":{"id":110,"propertyDomain":{}},"seq":1,"simplePinyin":"zg","subCount":13,"subCountFun":0,"updateDate":"2017-03-02T16:20:18","updateUser":"wk"}],"organization":{"contactWay":"111111111","createDate":"2011-09-28T07:50:58","createUser":"admin","departmentNo":"01","fullPinyin":"zhongguo","id":1,"isDeleted":0,"maxCode":39,"orgInternalCode":"1.","orgLevel":{"id":109},"orgName":"中国","orgType":{"id":110},"seq":1,"simplePinyin":"zg","subCount":13,"subCountFun":0,"updateDate":"2017-03-02T16:20:18","updateUser":"wk"},"organizationId":1,"password":"71b596cb42ee254f7416043d184fc970","pcusable":true,"previousLoginTime":"2017-11-08T16:13:06","roles":[],"shutDown":false,"simplePinyin":"sunh","syncCms":true,"taskCenterPermission":false,"userName":"sunh","vpdnConnectState":"","weChatPermission":false,"workPhone":"231121212"},{"activationMobile":false,"admin":true,"changePassword":false,"connectVpdn":false,"createDate":"2017-10-16T16:07:14","createUser":"shenmin","credits1":0,"credits2":0,"evaluateIssuePermission":false,"failureTimes":0,"fireControlLogin":true,"fullPinyin":"dengjie","gridManager":1,"hainingLogin":true,"hasNewMessage":false,"hzpajcApp":true,"id":20343942,"ignoreIsAdminOrNot":0,"ignoreIsShutDownOrNot":0,"ignoreMobileusable":0,"ignorePcusable":0,"isFristWorkBench":true,"isLock":false,"lastLoginIp":"127.0.0.1","lastLoginTime":"2017-10-17T09:28:06","menuTree":{"id":1},"messageSender":false,"mobile":"18500683020","mobileusable":true,"multiZone":[],"name":"邓杰","orgInternalCode":"1.","orgLevel":[{"contactWay":"111111111","createDate":"2011-09-28T07:50:58","createUser":"admin","departmentNo":"01","fullPinyin":"zhongguo","id":1,"isDeleted":0,"maxCode":39,"orgInternalCode":"1.","orgLevel":{"id":109,"propertyDomain":{}},"orgName":"中国","orgType":{"id":110,"propertyDomain":{}},"seq":1,"simplePinyin":"zg","subCount":13,"subCountFun":0,"updateDate":"2017-03-02T16:20:18","updateUser":"wk"}],"organization":{"contactWay":"111111111","createDate":"2011-09-28T07:50:58","createUser":"admin","departmentNo":"01","fullPinyin":"zhongguo","id":1,"isDeleted":0,"maxCode":39,"orgInternalCode":"1.","orgLevel":{"id":109},"orgName":"中国","orgType":{"id":110},"seq":1,"simplePinyin":"zg","subCount":13,"subCountFun":0,"updateDate":"2017-03-02T16:20:18","updateUser":"wk"},"organizationId":1,"password":"87644e1e12e34dd56a49cc4aa2dd3cc1","pcusable":true,"previousLoginTime":"2017-10-16T19:03:33","roles":[],"shutDown":false,"simplePinyin":"dj","syncCms":true,"taskCenterPermission":false,"userName":"jdeng","vpdnConnectState":"","weChatPermission":false,"workPhone":"11111111"},{"activationMobile":false,"admin":true,"changePassword":false,"connectVpdn":false,"createDate":"2017-10-09T14:23:07","createUser":"hwj","credits1":0,"credits2":0,"evaluateIssuePermission":false,"failureTimes":0,"fireControlLogin":false,"fullPinyin":"shh","gridManager":1,"hainingLogin":false,"hasNewMessage":false,"hzpajcApp":true,"id":20343143,"ignoreIsAdminOrNot":0,"ignoreIsShutDownOrNot":0,"ignoreMobileusable":0,"ignorePcusable":0,"isFristWorkBench":true,"isLock":false,"lastLoginIp":"192.168.100.1","lastLoginTime":"2017-12-15T15:38:24","menuTree":{"id":1},"messageSender":false,"mobile":"11111111111","mobileusable":true,"multiZone":[],"name":"shh","orgInternalCode":"1.","orgLevel":[{"contactWay":"111111111","createDate":"2011-09-28T07:50:58","createUser":"admin","departmentNo":"01","fullPinyin":"zhongguo","id":1,"isDeleted":0,"maxCode":39,"orgInternalCode":"1.","orgLevel":{"id":109,"propertyDomain":{}},"orgName":"中国","orgType":{"id":110,"propertyDomain":{}},"seq":1,"simplePinyin":"zg","subCount":13,"subCountFun":0,"updateDate":"2017-03-02T16:20:18","updateUser":"wk"}],"organization":{"contactWay":"111111111","createDate":"2011-09-28T07:50:58","createUser":"admin","departmentNo":"01","fullPinyin":"zhongguo","id":1,"isDeleted":0,"maxCode":39,"orgInternalCode":"1.","orgLevel":{"id":109},"orgName":"中国","orgType":{"id":110},"seq":1,"simplePinyin":"zg","subCount":13,"subCountFun":0,"updateDate":"2017-03-02T16:20:18","updateUser":"wk"},"organizationId":1,"password":"dc483e80a7a0bd9ef71d8cf973673924","pcusable":true,"previousLoginTime":"2017-12-15T15:37:30","roles":[{"createDate":"2012-05-17T09:21:50","createUser":"admin","description":"中国级管理员角色，专为朱主任设置","id":361,"menuTree":{"id":1},"roleName":"全国管理员","updateDate":"2016-10-13T17:21:26","updateUser":"wk","useInLevel":{"id":109,"propertyDomain":{}},"useInLevelIds":[],"useInLevels":[],"workBenchType":{"id":10000260,"propertyDomain":{}}}],"shutDown":false,"simplePinyin":"shh","syncCms":false,"taskCenterPermission":false,"userName":"shh","vpdnConnectState":"","weChatPermission":false,"workPhone":"1111111111111"},{"activationMobile":false,"admin":false,"changePassword":false,"connectVpdn":false,"createDate":"2017-09-29T14:06:40","createUser":"czy","credits1":0,"credits2":0,"evaluateIssuePermission":false,"failureTimes":0,"fireControlLogin":false,"fullPinyin":"czy","gridManager":0,"hainingLogin":false,"hasNewMessage":false,"hzpajcApp":false,"id":20342342,"ignoreIsAdminOrNot":0,"ignoreIsShutDownOrNot":0,"ignoreMobileusable":0,"ignorePcusable":0,"isFristWorkBench":true,"isLock":false,"lastLoginIp":"127.0.0.1","lastLoginTime":"2017-09-29T14:07:48","menuTree":{"id":1},"messageSender":false,"mobile":"11111111111","mobileusable":false,"multiZone":[],"name":"czy","orgInternalCode":"1.","orgLevel":[{"contactWay":"111111111","createDate":"2011-09-28T07:50:58","createUser":"admin","departmentNo":"01","fullPinyin":"zhongguo","id":1,"isDeleted":0,"maxCode":39,"orgInternalCode":"1.","orgLevel":{"id":109,"propertyDomain":{}},"orgName":"中国","orgType":{"id":110,"propertyDomain":{}},"seq":1,"simplePinyin":"zg","subCount":13,"subCountFun":0,"updateDate":"2017-03-02T16:20:18","updateUser":"wk"}],"organization":{"contactWay":"111111111","createDate":"2011-09-28T07:50:58","createUser":"admin","departmentNo":"01","fullPinyin":"zhongguo","id":1,"isDeleted":0,"maxCode":39,"orgInternalCode":"1.","orgLevel":{"id":109},"orgName":"中国","orgType":{"id":110},"seq":1,"simplePinyin":"zg","subCount":13,"subCountFun":0,"updateDate":"2017-03-02T16:20:18","updateUser":"wk"},"organizationId":1,"password":"64a62d49999fb141855f51ed3d58b5d0","pcusable":true,"roles":[{"createDate":"2015-12-29T18:43:19","createUser":"wh006","id":20067503,"menuTree":{"id":1},"roleName":"通讯录","updateDate":"2015-12-29T18:43:19","updateUser":"wh006","useInLevelIds":[],"useInLevels":[],"workBenchType":{"id":10000258,"propertyDomain":{}}}],"shutDown":false,"simplePinyin":"czy","syncCms":false,"taskCenterPermission":false,"userName":"czy2","vpdnConnectState":"","weChatPermission":false,"workPhone":"11111111"},{"activationMobile":false,"admin":true,"changePassword":false,"connectVpdn":false,"createDate":"2017-09-19T14:01:44","createUser":"huxiaohui","credits1":0,"credits2":0,"evaluateIssuePermission":false,"failureTimes":0,"fireControlLogin":false,"fullPinyin":"shulinlin","gridManager":0,"hainingLogin":false,"hasNewMessage":false,"hzpajcApp":false,"id":20340342,"ignoreIsAdminOrNot":0,"ignoreIsShutDownOrNot":0,"ignoreMobileusable":0,"ignorePcusable":0,"isFristWorkBench":true,"isLock":false,"lastLoginIp":"127.0.0.1","lastLoginTime":"2017-09-26T10:32:05","menuTree":{"id":1},"messageSender":false,"mobile":"11111111111","mobileusable":false,"multiZone":[],"name":"shulinlin","orgInternalCode":"1.","orgLevel":[{"contactWay":"111111111","createDate":"2011-09-28T07:50:58","createUser":"admin","departmentNo":"01","fullPinyin":"zhongguo","id":1,"isDeleted":0,"maxCode":39,"orgInternalCode":"1.","orgLevel":{"id":109,"propertyDomain":{}},"orgName":"中国","orgType":{"id":110,"propertyDomain":{}},"seq":1,"simplePinyin":"zg","subCount":13,"subCountFun":0,"updateDate":"2017-03-02T16:20:18","updateUser":"wk"}],"organization":{"contactWay":"111111111","createDate":"2011-09-28T07:50:58","createUser":"admin","departmentNo":"01","fullPinyin":"zhongguo","id":1,"isDeleted":0,"maxCode":39,"orgInternalCode":"1.","orgLevel":{"id":109},"orgName":"中国","orgType":{"id":110},"seq":1,"simplePinyin":"zg","subCount":13,"subCountFun":0,"updateDate":"2017-03-02T16:20:18","updateUser":"wk"},"organizationId":1,"password":"ef209c9343ca8c715265781876657b18","pcusable":true,"previousLoginTime":"2017-09-21T18:33:02","roles":[],"shutDown":false,"simplePinyin":"shulinlin","syncCms":false,"taskCenterPermission":false,"userName":"shulinlin","vpdnConnectState":"","weChatPermission":false,"workPhone":"1111111111111"},{"activationMobile":false,"admin":true,"changePassword":false,"connectVpdn":false,"createDate":"2017-09-07T17:55:43","createUser":"tjcs","credits1":0,"credits2":0,"evaluateIssuePermission":false,"failureTimes":0,"fireControlLogin":false,"fullPinyin":"ceshi","gridManager":0,"hainingLogin":false,"hasNewMessage":false,"hzpajcApp":false,"id":20337943,"ignoreIsAdminOrNot":0,"ignoreIsShutDownOrNot":0,"ignoreMobileusable":0,"ignorePcusable":0,"isFristWorkBench":true,"isLock":false,"lastLoginIp":"192.168.3.245","lastLoginTime":"2017-11-23T09:42:07","menuTree":{"id":1},"messageSender":false,"mobile":"18942808124","mobileusable":true,"multiZone":[],"name":"ceshi ","orgInternalCode":"1.","orgLevel":[{"contactWay":"111111111","createDate":"2011-09-28T07:50:58","createUser":"admin","departmentNo":"01","fullPinyin":"zhongguo","id":1,"isDeleted":0,"maxCode":39,"orgInternalCode":"1.","orgLevel":{"id":109,"propertyDomain":{}},"orgName":"中国","orgType":{"id":110,"propertyDomain":{}},"seq":1,"simplePinyin":"zg","subCount":13,"subCountFun":0,"updateDate":"2017-03-02T16:20:18","updateUser":"wk"}],"organization":{"contactWay":"111111111","createDate":"2011-09-28T07:50:58","createUser":"admin","departmentNo":"01","fullPinyin":"zhongguo","id":1,"isDeleted":0,"maxCode":39,"orgInternalCode":"1.","orgLevel":{"id":109},"orgName":"中国","orgType":{"id":110},"seq":1,"simplePinyin":"zg","subCount":13,"subCountFun":0,"updateDate":"2017-03-02T16:20:18","updateUser":"wk"},"organizationId":1,"password":"1bbd886460827015e5d605ed44252251","pcusable":true,"previousLoginTime":"2017-11-22T16:02:33","roles":[],"shutDown":false,"simplePinyin":"ceshi","syncCms":false,"taskCenterPermission":false,"userName":"wzj","vpdnConnectState":"","weChatPermission":false,"workPhone":"3123131"},{"activationMobile":false,"admin":true,"changePassword":false,"connectVpdn":false,"createDate":"2017-09-07T14:12:18","createUser":"dbhzjd@hzsg","credits1":0,"credits2":0,"evaluateIssuePermission":false,"failureTimes":0,"fireControlLogin":false,"fullPinyin":"panchen","gridManager":0,"hainingLogin":false,"hasNewMessage":false,"hzpajcApp":false,"id":20337542,"ignoreIsAdminOrNot":0,"ignoreIsShutDownOrNot":0,"ignoreMobileusable":0,"ignorePcusable":0,"isFristWorkBench":true,"isLock":false,"lastLoginIp":"127.0.0.1","lastLoginTime":"2017-09-30T11:15:56","menuTree":{"id":1},"messageSender":false,"mobile":"18806513217","mobileusable":false,"multiZone":[],"name":"潘晨","orgInternalCode":"1.","orgLevel":[{"contactWay":"111111111","createDate":"2011-09-28T07:50:58","createUser":"admin","departmentNo":"01","fullPinyin":"zhongguo","id":1,"isDeleted":0,"maxCode":39,"orgInternalCode":"1.","orgLevel":{"id":109,"propertyDomain":{}},"orgName":"中国","orgType":{"id":110,"propertyDomain":{}},"seq":1,"simplePinyin":"zg","subCount":13,"subCountFun":0,"updateDate":"2017-03-02T16:20:18","updateUser":"wk"}],"organization":{"contactWay":"111111111","createDate":"2011-09-28T07:50:58","createUser":"admin","departmentNo":"01","fullPinyin":"zhongguo","id":1,"isDeleted":0,"maxCode":39,"orgInternalCode":"1.","orgLevel":{"id":109},"orgName":"中国","orgType":{"id":110},"seq":1,"simplePinyin":"zg","subCount":13,"subCountFun":0,"updateDate":"2017-03-02T16:20:18","updateUser":"wk"},"organizationId":1,"password":"4bd296bdf5eb7b7d9c8b5966f5a5fb45","pcusable":true,"previousLoginTime":"2017-09-30T11:06:01","roles":[],"shutDown":false,"simplePinyin":"pc","syncCms":false,"taskCenterPermission":false,"userName":"panchen","vpdnConnectState":"","weChatPermission":false,"workPhone":"18806513217"},{"activationMobile":false,"admin":true,"changePassword":false,"connectVpdn":false,"createDate":"2017-08-01T18:20:48","createUser":"hwj","credits1":0,"credits2":0,"evaluateIssuePermission":false,"failureTimes":0,"fireControlLogin":true,"fullPinyin":"czy","gridManager":1,"hainingLogin":true,"hasNewMessage":false,"hzpajcApp":false,"id":20331143,"ignoreIsAdminOrNot":0,"ignoreIsShutDownOrNot":0,"ignoreMobileusable":0,"ignorePcusable":0,"isFristWorkBench":true,"isLock":false,"lastLoginIp":"127.0.0.1","lastLoginTime":"2017-12-14T02:25:29","menuTree":{"id":1},"messageSender":false,"mobile":"11111111111","mobileusable":false,"multiZone":[],"name":"czy","orgInternalCode":"1.","orgLevel":[{"contactWay":"111111111","createDate":"2011-09-28T07:50:58","createUser":"admin","departmentNo":"01","fullPinyin":"zhongguo","id":1,"isDeleted":0,"maxCode":39,"orgInternalCode":"1.","orgLevel":{"id":109,"propertyDomain":{}},"orgName":"中国","orgType":{"id":110,"propertyDomain":{}},"seq":1,"simplePinyin":"zg","subCount":13,"subCountFun":0,"updateDate":"2017-03-02T16:20:18","updateUser":"wk"}],"organization":{"contactWay":"111111111","createDate":"2011-09-28T07:50:58","createUser":"admin","departmentNo":"01","fullPinyin":"zhongguo","id":1,"isDeleted":0,"maxCode":39,"orgInternalCode":"1.","orgLevel":{"id":109},"orgName":"中国","orgType":{"id":110},"seq":1,"simplePinyin":"zg","subCount":13,"subCountFun":0,"updateDate":"2017-03-02T16:20:18","updateUser":"wk"},"organizationId":1,"password":"6846860684f05029abccc09a53cd66f1","pcusable":true,"previousLoginTime":"2017-12-14T02:01:28","roles":[{"createDate":"2012-05-17T09:21:50","createUser":"admin","description":"中国级管理员角色，专为朱主任设置","id":361,"menuTree":{"id":1},"roleName":"全国管理员","updateDate":"2016-10-13T17:21:26","updateUser":"wk","useInLevel":{"id":109,"propertyDomain":{}},"useInLevelIds":[],"useInLevels":[],"workBenchType":{"id":10000260,"propertyDomain":{}}}],"shutDown":false,"simplePinyin":"czy","syncCms":true,"taskCenterPermission":false,"userName":"czy","vpdnConnectState":"","weChatPermission":false,"workPhone":"1111111111111"},{"activationMobile":false,"admin":false,"changePassword":false,"connectVpdn":false,"createDate":"2017-07-31T10:28:22","createUser":"lwh","credits1":0,"credits2":0,"evaluateIssuePermission":false,"failureTimes":0,"fireControlLogin":false,"fullPinyin":"qqqqqq","gridManager":0,"hainingLogin":false,"hasNewMessage":false,"hzpajcApp":false,"id":20330742,"ignoreIsAdminOrNot":0,"ignoreIsShutDownOrNot":0,"ignoreMobileusable":0,"ignorePcusable":0,"isFristWorkBench":true,"isLock":false,"menuTree":{"id":1},"messageSender":false,"mobile":"11111111111","mobileusable":false,"multiZone":[],"name":"qqqqqq","orgInternalCode":"1.","orgLevel":[{"contactWay":"111111111","createDate":"2011-09-28T07:50:58","createUser":"admin","departmentNo":"01","fullPinyin":"zhongguo","id":1,"isDeleted":0,"maxCode":39,"orgInternalCode":"1.","orgLevel":{"id":109,"propertyDomain":{}},"orgName":"中国","orgType":{"id":110,"propertyDomain":{}},"seq":1,"simplePinyin":"zg","subCount":13,"subCountFun":0,"updateDate":"2017-03-02T16:20:18","updateUser":"wk"}],"organization":{"contactWay":"111111111","createDate":"2011-09-28T07:50:58","createUser":"admin","departmentNo":"01","fullPinyin":"zhongguo","id":1,"isDeleted":0,"maxCode":39,"orgInternalCode":"1.","orgLevel":{"id":109},"orgName":"中国","orgType":{"id":110},"seq":1,"simplePinyin":"zg","subCount":13,"subCountFun":0,"updateDate":"2017-03-02T16:20:18","updateUser":"wk"},"organizationId":1,"password":"903198fc13e1963f30834f0ae04a1acf","pcusable":false,"roles":[{"createDate":"2014-11-06T19:39:51","createUser":"wh007","id":20028302,"menuTree":{"id":1},"roleName":"测试区岗位","updateDate":"2016-01-28T20:38:19","updateUser":"cs002","useInLevel":{"id":106,"propertyDomain":{}},"useInLevelIds":[],"useInLevels":[],"workBenchType":{"id":10000260,"propertyDomain":{}}}],"shutDown":false,"simplePinyin":"qqqqqq","syncCms":false,"taskCenterPermission":false,"userName":"qiaowen222","vpdnConnectState":"","weChatPermission":false,"workPhone":"11111111"},{"activationMobile":false,"admin":true,"changePassword":false,"connectVpdn":false,"createDate":"2017-06-23T08:40:57","createUser":"tengjia","credits1":0,"credits2":0,"evaluateIssuePermission":false,"failureTimes":0,"fireControlLogin":false,"fullPinyin":"liwuhao","gridManager":0,"hainingLogin":false,"hasNewMessage":false,"hzpajcApp":false,"id":20324742,"ignoreIsAdminOrNot":0,"ignoreIsShutDownOrNot":0,"ignoreMobileusable":0,"ignorePcusable":0,"isFristWorkBench":true,"isLock":false,"lastLoginIp":"61.175.150.25","lastLoginTime":"2017-06-23T09:46:28","menuTree":{"id":1},"messageSender":false,"mobile":"11111111111","mobileusable":false,"multiZone":[],"name":"liwuhao","orgInternalCode":"1.","orgLevel":[{"contactWay":"111111111","createDate":"2011-09-28T07:50:58","createUser":"admin","departmentNo":"01","fullPinyin":"zhongguo","id":1,"isDeleted":0,"maxCode":39,"orgInternalCode":"1.","orgLevel":{"id":109,"propertyDomain":{}},"orgName":"中国","orgType":{"id":110,"propertyDomain":{}},"seq":1,"simplePinyin":"zg","subCount":13,"subCountFun":0,"updateDate":"2017-03-02T16:20:18","updateUser":"wk"}],"organization":{"contactWay":"111111111","createDate":"2011-09-28T07:50:58","createUser":"admin","departmentNo":"01","fullPinyin":"zhongguo","id":1,"isDeleted":0,"maxCode":39,"orgInternalCode":"1.","orgLevel":{"id":109},"orgName":"中国","orgType":{"id":110},"seq":1,"simplePinyin":"zg","subCount":13,"subCountFun":0,"updateDate":"2017-03-02T16:20:18","updateUser":"wk"},"organizationId":1,"password":"c41c3c779e3de94250936bce950423ef","pcusable":true,"roles":[],"shutDown":false,"simplePinyin":"liwuhao","syncCms":false,"taskCenterPermission":false,"userName":"lwh","vpdnConnectState":"","weChatPermission":false,"workPhone":"11"},{"activationMobile":false,"admin":true,"changePassword":false,"connectVpdn":false,"createDate":"2017-06-20T13:58:41","createUser":"tengjia","credits1":0,"credits2":0,"evaluateIssuePermission":false,"failureTimes":0,"fireControlLogin":false,"fullPinyin":"wangjie","gridManager":0,"hainingLogin":false,"hasNewMessage":false,"hzpajcApp":false,"id":20323945,"ignoreIsAdminOrNot":0,"ignoreIsShutDownOrNot":0,"ignoreMobileusable":0,"ignorePcusable":0,"isFristWorkBench":true,"isLock":false,"lastLoginIp":"220.191.253.64","lastLoginTime":"2017-10-17T10:35:20","menuTree":{"id":1},"messageSender":false,"mobile":"11111111111","mobileusable":false,"multiZone":[],"name":"汪杰","orgInternalCode":"1.","orgLevel":[{"contactWay":"111111111","createDate":"2011-09-28T07:50:58","createUser":"admin","departmentNo":"01","fullPinyin":"zhongguo","id":1,"isDeleted":0,"maxCode":39,"orgInternalCode":"1.","orgLevel":{"id":109,"propertyDomain":{}},"orgName":"中国","orgType":{"id":110,"propertyDomain":{}},"seq":1,"simplePinyin":"zg","subCount":13,"subCountFun":0,"updateDate":"2017-03-02T16:20:18","updateUser":"wk"}],"organization":{"contactWay":"111111111","createDate":"2011-09-28T07:50:58","createUser":"admin","departmentNo":"01","fullPinyin":"zhongguo","id":1,"isDeleted":0,"maxCode":39,"orgInternalCode":"1.","orgLevel":{"id":109},"orgName":"中国","orgType":{"id":110},"seq":1,"simplePinyin":"zg","subCount":13,"subCountFun":0,"updateDate":"2017-03-02T16:20:18","updateUser":"wk"},"organizationId":1,"password":"81a1535b1a78b4ec48bc61ae3ede1b6b","pcusable":true,"previousLoginTime":"2017-10-17T10:33:28","roles":[],"shutDown":false,"simplePinyin":"wj","syncCms":false,"taskCenterPermission":false,"userName":"wjwj","vpdnConnectState":"","weChatPermission":false,"workPhone":"11"},{"activationMobile":false,"admin":true,"changePassword":false,"connectVpdn":false,"createDate":"2017-06-08T09:40:58","createUser":"luoyanli","credits1":0,"credits2":0,"evaluateIssuePermission":false,"failureTimes":0,"fireControlLogin":false,"fullPinyin":"qiaowen","gridManager":0,"hainingLogin":false,"hasNewMessage":false,"hzpajcApp":false,"id":20322343,"ignoreIsAdminOrNot":0,"ignoreIsShutDownOrNot":0,"ignoreMobileusable":0,"ignorePcusable":0,"isFristWorkBench":true,"isLock":false,"lastLoginIp":"192.168.10.203","lastLoginTime":"2017-12-20T15:39:51","menuTree":{"id":1},"messageSender":false,"mobile":"11111111111","mobileusable":true,"multiZone":[],"name":"qiaowen","orgInternalCode":"1.","orgLevel":[{"contactWay":"111111111","createDate":"2011-09-28T07:50:58","createUser":"admin","departmentNo":"01","fullPinyin":"zhongguo","id":1,"isDeleted":0,"maxCode":39,"orgInternalCode":"1.","orgLevel":{"id":109,"propertyDomain":{}},"orgName":"中国","orgType":{"id":110,"propertyDomain":{}},"seq":1,"simplePinyin":"zg","subCount":13,"subCountFun":0,"updateDate":"2017-03-02T16:20:18","updateUser":"wk"}],"organization":{"contactWay":"111111111","createDate":"2011-09-28T07:50:58","createUser":"admin","departmentNo":"01","fullPinyin":"zhongguo","id":1,"isDeleted":0,"maxCode":39,"orgInternalCode":"1.","orgLevel":{"id":109},"orgName":"中国","orgType":{"id":110},"seq":1,"simplePinyin":"zg","subCount":13,"subCountFun":0,"updateDate":"2017-03-02T16:20:18","updateUser":"wk"},"organizationId":1,"password":"903198fc13e1963f30834f0ae04a1acf","pcusable":true,"previousLoginTime":"2017-12-19T10:05:16","roles":[],"shutDown":false,"simplePinyin":"qiaowen","syncCms":false,"taskCenterPermission":false,"userName":"qiaowen","vpdnConnectState":"","weChatPermission":false,"workPhone":"11111111"}],"total":8}