{
    "page": 2,
    "records": 374,
    "rows": [
      {
        "isDeleted": "0",
        "locationEndCenter": "29.051960056833643",
        "locationStartCenter": "118.85572268730664",
        "mobileNumber": "18357067136",
        "name": "江建明",
        "orginternalCode": "1.1.5.5.12.13.",
        "originTime": "2017-10-14T11:11:13",
        "username": "Bkcjhsp002@qzsg"
      },
      {
        "isDeleted": "0",
        "locationEndCenter": "29.062176404445825",
        "locationStartCenter": "118.85826778649391",
        "mobileNumber": "13587003028",
        "name": "吴催兴",
        "orginternalCode": "1.1.5.5.12.11.",
        "originTime": "2017-11-03T08:43:46",
        "username": "Bkcjhsq002@qzsg"
      },
      {
        "isDeleted": "0",
        "locationEndCenter": "29.051851982779",
        "locationStartCenter": "118.89080092309517",
        "mobileNumber": "13567005411",
        "name": "吴海平",
        "orginternalCode": "1.1.5.5.12.25.",
        "originTime": "2017-11-01T21:52:50",
        "username": "Bkcjhtsl002@qzsg"
      },
      {
        "isDeleted": "0",
        "locationEndCenter": "28.907785",
        "locationStartCenter": "118.91415",
        "mobileNumber": "13957029543",
        "name": "朱定贵",
        "orginternalCode": "1.1.5.5.61.10.",
        "originTime": "2017-09-22T10:09:25",
        "username": "Bkcqhgd001@qzsg"
      },
      {
        "isDeleted": "0",
        "locationEndCenter": "28.943915",
        "locationStartCenter": "118.866632",
        "mobileNumber": "15857086049",
        "name": "万丽",
        "orginternalCode": "1.1.5.5.61.18.",
        "originTime": "2017-09-07T16:35:53",
        "username": "Ckcqhjdb001@qzsg"
      },
      {
        "isDeleted": "0",
        "locationEndCenter": "28.907787",
        "locationStartCenter": "118.914056",
        "mobileNumber": "17706709365",
        "name": "市场监管平台",
        "orginternalCode": "1.1.5.5.61.16.",
        "originTime": "2017-10-22T20:36:11",
        "username": "Ckcqhsfs002@qzsg"
      },
      {
        "isDeleted": "0",
        "locationEndCenter": "29.002101454515625",
        "locationStartCenter": "118.86737863992279",
        "mobileNumber": "13587108116",
        "name": "崔志琴",
        "orginternalCode": "1.1.5.5.16.28.",
        "originTime": "2017-10-26T10:18:38",
        "username": "Ckcwtaj001@qzsg"
      },
      {
        "isDeleted": "0",
        "locationEndCenter": "28.906581",
        "locationStartCenter": "118.858941",
        "mobileNumber": "13157062745",
        "name": "刘双富",
        "orginternalCode": "1.1.5.2.2.4.1.",
        "originTime": "2017-09-18T08:31:46",
        "username": "Ejjqchjsdl001@qzsg"
      },
      {
        "isDeleted": "0",
        "locationEndCenter": "28.915396",
        "locationStartCenter": "118.848498",
        "mobileNumber": "13857016597",
        "name": "叶青云",
        "orginternalCode": "1.1.5.2.2.4.3.",
        "originTime": "2017-10-27T13:50:21",
        "username": "Ejjqchjsdl002@qzsg"
      },
      {
        "isDeleted": "0",
        "locationEndCenter": "28.95452654785756",
        "locationStartCenter": "118.99230340423526",
        "mobileNumber": "18367050275",
        "name": "周云华",
        "orginternalCode": "1.1.5.2.1.3.1.",
        "originTime": "2017-10-18T18:47:22",
        "username": "Ejjqdghlh001@qzsg"
      },
      {
        "isDeleted": "0",
        "locationEndCenter": "28.946533349830037",
        "locationStartCenter": "118.90215367731744",
        "mobileNumber": "13615704168",
        "name": "姜琦",
        "orginternalCode": "1.1.5.2.1.5.1.",
        "originTime": "2017-11-03T09:12:10",
        "username": "Ejjqdgjz001@qzsg"
      },
      {
        "isDeleted": "0",
        "locationEndCenter": "28.94644555314698",
        "locationStartCenter": "118.90222133821375",
        "mobileNumber": "13511408778",
        "name": "饶晓峰",
        "orginternalCode": "1.1.5.2.1.7.4.",
        "originTime": "2017-11-03T09:13:21",
        "username": "Ejjqdgnq003@qzsg"
      },
      {
        "isDeleted": "0",
        "locationEndCenter": "28.932057213857036",
        "locationStartCenter": "118.95970753017227",
        "mobileNumber": "15268050731",
        "name": "吴凯微",
        "orginternalCode": "1.1.5.2.1.4.1.",
        "originTime": "2017-10-17T18:38:58",
        "username": "Ejjqdgpjl001@qzsg"
      },
      {
        "isDeleted": "0",
        "locationEndCenter": "28.946542456404114",
        "locationStartCenter": "118.90227116819781",
        "mobileNumber": "18368601183",
        "name": "曾秀叶",
        "orginternalCode": "1.1.5.2.1.1.1.",
        "originTime": "2017-11-03T09:12:04",
        "username": "Ejjqdgwc001@qzsg"
      },
      {
        "isDeleted": "0",
        "locationEndCenter": "28.945416959670414",
        "locationStartCenter": "118.90219492074766",
        "mobileNumber": "15068926689",
        "name": "夏晓俊",
        "orginternalCode": "1.1.5.2.1.1.2.",
        "originTime": "2017-11-03T09:20:58",
        "username": "Ejjqdgwc002@qzsg"
      }
    ],
    "total": 25
  }